Country,Seeds,Coverage_5hop_%,TTFI_5hop_s,Coverage_10hop_%,TTFI_10hop_s
UK (.co.uk),5000,100.0,9.165623703460538,100.0,9.165623703460538
UK (.co.uk),10000,100.0,8.310964731937526,100.0,8.310964731937526
UK (.co.uk),20000,100.0,7.457038363181727,100.0,7.457038363181727
UK (.co.uk),50000,100.0,6.330659593147264,100.0,6.330659593147264
